at,minutesAfterOpen,id,org,title,enrolled,capacity,waitEnrolled,waitCapacity,openAt
2026-09-07 09:59:00,-1,phlib-3538,어린이영어도서관,(유아6-7)독서의 달 프로그램,0,10,0,5,2026-09-07 10:00
2026-09-07 10:00:00,0,phlib-3538,어린이영어도서관,(유아6-7)독서의 달 프로그램,0,10,0,5,2026-09-07 10:00
2026-09-07 10:00:30,0.5,phlib-3538,어린이영어도서관,(유아6-7)독서의 달 프로그램,9,10,0,5,2026-09-07 10:00
2026-09-07 10:01:00,1,phlib-3538,어린이영어도서관,(유아6-7)독서의 달 프로그램,9,10,0,5,2026-09-07 10:00
2026-09-07 10:02:00,2,phlib-3538,어린이영어도서관,(유아6-7)독서의 달 프로그램,9,10,0,5,2026-09-07 10:00
2026-09-07 10:03:00,3,phlib-3538,어린이영어도서관,(유아6-7)독서의 달 프로그램,9,10,0,5,2026-09-07 10:00
2026-09-07 10:05:00,5,phlib-3538,어린이영어도서관,(유아6-7)독서의 달 프로그램,9,10,0,5,2026-09-07 10:00
2026-09-07 10:08:00,8,phlib-3538,어린이영어도서관,(유아6-7)독서의 달 프로그램,10,10,1,5,2026-09-07 10:00
2026-09-07 10:12:00,12,phlib-3538,어린이영어도서관,(유아6-7)독서의 달 프로그램,10,10,2,5,2026-09-07 10:00
2026-09-07 10:20:00,20,phlib-3538,어린이영어도서관,(유아6-7)독서의 달 프로그램,10,10,3,5,2026-09-07 10:00
2026-09-07 10:30:00,30,phlib-3538,어린이영어도서관,(유아6-7)독서의 달 프로그램,10,10,3,5,2026-09-07 10:00
2026-09-07 10:45:00,45,phlib-3538,어린이영어도서관,(유아6-7)독서의 달 프로그램,10,10,3,5,2026-09-07 10:00
2026-09-07 11:00:00,60,phlib-3538,어린이영어도서관,(유아6-7)독서의 달 프로그램,10,10,5,5,2026-09-07 10:00
2026-09-07 11:38:11,90,phlib-3538,어린이영어도서관,(유아6-7)독서의 달 프로그램,10,10,5,5,2026-09-07 10:00
2026-09-07 09:59:00,-1,phlib-3539,어린이영어도서관,(초등1-2)독서의 달 프로그램,0,15,0,5,2026-09-07 10:00
2026-09-07 10:00:00,0,phlib-3539,어린이영어도서관,(초등1-2)독서의 달 프로그램,0,15,0,5,2026-09-07 10:00
2026-09-07 10:00:30,0.5,phlib-3539,어린이영어도서관,(초등1-2)독서의 달 프로그램,3,15,0,5,2026-09-07 10:00
2026-09-07 10:01:00,1,phlib-3539,어린이영어도서관,(초등1-2)독서의 달 프로그램,4,15,0,5,2026-09-07 10:00
2026-09-07 10:02:00,2,phlib-3539,어린이영어도서관,(초등1-2)독서의 달 프로그램,4,15,0,5,2026-09-07 10:00
2026-09-07 10:03:00,3,phlib-3539,어린이영어도서관,(초등1-2)독서의 달 프로그램,4,15,0,5,2026-09-07 10:00
2026-09-07 10:05:00,5,phlib-3539,어린이영어도서관,(초등1-2)독서의 달 프로그램,4,15,0,5,2026-09-07 10:00
2026-09-07 10:08:00,8,phlib-3539,어린이영어도서관,(초등1-2)독서의 달 프로그램,4,15,0,5,2026-09-07 10:00
2026-09-07 10:12:00,12,phlib-3539,어린이영어도서관,(초등1-2)독서의 달 프로그램,4,15,0,5,2026-09-07 10:00
2026-09-07 10:20:00,20,phlib-3539,어린이영어도서관,(초등1-2)독서의 달 프로그램,4,15,0,5,2026-09-07 10:00
2026-09-07 10:30:00,30,phlib-3539,어린이영어도서관,(초등1-2)독서의 달 프로그램,4,15,0,5,2026-09-07 10:00
2026-09-07 10:45:00,45,phlib-3539,어린이영어도서관,(초등1-2)독서의 달 프로그램,5,15,0,5,2026-09-07 10:00
2026-09-07 11:00:00,60,phlib-3539,어린이영어도서관,(초등1-2)독서의 달 프로그램,6,15,0,5,2026-09-07 10:00
2026-09-07 11:38:11,90,phlib-3539,어린이영어도서관,(초등1-2)독서의 달 프로그램,6,15,0,5,2026-09-07 10:00
2026-09-09 08:59:02,-1,gsei-1467,경상북도교육청과학원,2026 가족천체관측교실 4회,0,6,0,2,2026-09-09 09:00
2026-09-09 09:00:00,0,gsei-1467,경상북도교육청과학원,2026 가족천체관측교실 4회,0,6,0,2,2026-09-09 09:00
2026-09-09 09:00:30,0.5,gsei-1467,경상북도교육청과학원,2026 가족천체관측교실 4회,0,6,0,2,2026-09-09 09:00
2026-09-09 09:01:00,1,gsei-1467,경상북도교육청과학원,2026 가족천체관측교실 4회,3,6,0,2,2026-09-09 09:00
2026-09-09 09:02:00,2,gsei-1467,경상북도교육청과학원,2026 가족천체관측교실 4회,3,6,0,2,2026-09-09 09:00
2026-09-09 09:03:00,3,gsei-1467,경상북도교육청과학원,2026 가족천체관측교실 4회,3,6,0,2,2026-09-09 09:00
2026-09-09 09:05:01,5,gsei-1467,경상북도교육청과학원,2026 가족천체관측교실 4회,3,6,0,2,2026-09-09 09:00
2026-09-09 09:08:01,8,gsei-1467,경상북도교육청과학원,2026 가족천체관측교실 4회,4,6,0,2,2026-09-09 09:00
2026-09-09 09:12:02,12,gsei-1467,경상북도교육청과학원,2026 가족천체관측교실 4회,4,6,0,2,2026-09-09 09:00
2026-09-09 09:20:01,20,gsei-1467,경상북도교육청과학원,2026 가족천체관측교실 4회,4,6,0,2,2026-09-09 09:00
2026-09-09 09:30:00,30,gsei-1467,경상북도교육청과학원,2026 가족천체관측교실 4회,4,6,0,2,2026-09-09 09:00
2026-09-09 09:45:01,45,gsei-1467,경상북도교육청과학원,2026 가족천체관측교실 4회,4,6,0,2,2026-09-09 09:00
2026-09-09 10:00:01,60,gsei-1467,경상북도교육청과학원,2026 가족천체관측교실 4회,4,6,0,2,2026-09-09 09:00
2026-09-09 10:30:00,90,gsei-1467,경상북도교육청과학원,2026 가족천체관측교실 4회,5,6,0,2,2026-09-09 09:00
2026-09-09 11:00:00,120,gsei-1467,경상북도교육청과학원,2026 가족천체관측교실 4회,6,6,2,2,2026-09-09 09:00
2026-09-11 09:59:00,-1,phlib-3551,포은흥해도서관,[독서의달]-북 퍼퓸 만들기(일반),0,10,0,3,2026-09-11 10:00
2026-09-11 10:00:01,0,phlib-3551,포은흥해도서관,[독서의달]-북 퍼퓸 만들기(일반),0,10,0,3,2026-09-11 10:00
2026-09-11 10:00:30,0.5,phlib-3551,포은흥해도서관,[독서의달]-북 퍼퓸 만들기(일반),2,10,0,3,2026-09-11 10:00
2026-09-11 10:01:00,1,phlib-3551,포은흥해도서관,[독서의달]-북 퍼퓸 만들기(일반),2,10,0,3,2026-09-11 10:00
2026-09-11 10:02:00,2,phlib-3551,포은흥해도서관,[독서의달]-북 퍼퓸 만들기(일반),2,10,0,3,2026-09-11 10:00
2026-09-11 10:03:00,3,phlib-3551,포은흥해도서관,[독서의달]-북 퍼퓸 만들기(일반),2,10,0,3,2026-09-11 10:00
2026-09-11 10:05:00,5,phlib-3551,포은흥해도서관,[독서의달]-북 퍼퓸 만들기(일반),2,10,0,3,2026-09-11 10:00
2026-09-11 10:08:00,8,phlib-3551,포은흥해도서관,[독서의달]-북 퍼퓸 만들기(일반),2,10,0,3,2026-09-11 10:00
2026-09-11 10:12:00,12,phlib-3551,포은흥해도서관,[독서의달]-북 퍼퓸 만들기(일반),2,10,0,3,2026-09-11 10:00
2026-09-11 10:20:00,20,phlib-3551,포은흥해도서관,[독서의달]-북 퍼퓸 만들기(일반),2,10,0,3,2026-09-11 10:00
2026-09-11 10:30:00,30,phlib-3551,포은흥해도서관,[독서의달]-북 퍼퓸 만들기(일반),3,10,0,3,2026-09-11 10:00
2026-09-11 10:45:01,45,phlib-3551,포은흥해도서관,[독서의달]-북 퍼퓸 만들기(일반),3,10,0,3,2026-09-11 10:00
2026-09-11 11:00:00,60,phlib-3551,포은흥해도서관,[독서의달]-북 퍼퓸 만들기(일반),3,10,0,3,2026-09-11 10:00
2026-09-11 11:30:00,90,phlib-3551,포은흥해도서관,[독서의달]-북 퍼퓸 만들기(일반),4,10,0,3,2026-09-11 10:00
2026-09-11 12:00:01,120,phlib-3551,포은흥해도서관,[독서의달]-북 퍼퓸 만들기(일반),4,10,0,3,2026-09-11 10:00
2026-09-11 09:59:00,-1,phlib-3577,환여 해맞이꿈터작은도서관,조물조물 그림책 공예,0,7,0,3,2026-09-11 10:00
2026-09-11 10:00:01,0,phlib-3577,환여 해맞이꿈터작은도서관,조물조물 그림책 공예,0,7,0,3,2026-09-11 10:00
2026-09-11 10:00:30,0.5,phlib-3577,환여 해맞이꿈터작은도서관,조물조물 그림책 공예,7,7,3,3,2026-09-11 10:00
2026-09-11 10:01:00,1,phlib-3577,환여 해맞이꿈터작은도서관,조물조물 그림책 공예,7,7,3,3,2026-09-11 10:00
2026-09-11 10:02:00,2,phlib-3577,환여 해맞이꿈터작은도서관,조물조물 그림책 공예,7,7,3,3,2026-09-11 10:00
2026-09-11 10:03:00,3,phlib-3577,환여 해맞이꿈터작은도서관,조물조물 그림책 공예,7,7,3,3,2026-09-11 10:00
2026-09-11 10:05:00,5,phlib-3577,환여 해맞이꿈터작은도서관,조물조물 그림책 공예,7,7,3,3,2026-09-11 10:00
2026-09-11 10:08:00,8,phlib-3577,환여 해맞이꿈터작은도서관,조물조물 그림책 공예,7,7,3,3,2026-09-11 10:00
2026-09-11 10:12:00,12,phlib-3577,환여 해맞이꿈터작은도서관,조물조물 그림책 공예,7,7,3,3,2026-09-11 10:00
2026-09-11 10:20:00,20,phlib-3577,환여 해맞이꿈터작은도서관,조물조물 그림책 공예,7,7,3,3,2026-09-11 10:00
2026-09-11 10:30:00,30,phlib-3577,환여 해맞이꿈터작은도서관,조물조물 그림책 공예,7,7,3,3,2026-09-11 10:00
2026-09-11 10:45:01,45,phlib-3577,환여 해맞이꿈터작은도서관,조물조물 그림책 공예,7,7,3,3,2026-09-11 10:00
2026-09-11 11:00:00,60,phlib-3577,환여 해맞이꿈터작은도서관,조물조물 그림책 공예,7,7,3,3,2026-09-11 10:00
2026-09-11 11:30:00,90,phlib-3577,환여 해맞이꿈터작은도서관,조물조물 그림책 공예,7,7,3,3,2026-09-11 10:00
2026-09-11 12:00:01,120,phlib-3577,환여 해맞이꿈터작은도서관,조물조물 그림책 공예,7,7,3,3,2026-09-11 10:00
