id,org,orgShort,title,place,target,capacity,enrolled,waitCapacity,waitEnrolled,openAt,deadline,eventEnd,schedule,url,presets,노출,메모
phlib-3539,어린이영어도서관,어린이영어,(초등1-2) 독서의 달 프로그램,어린이영어도서관 다목적실,초등1~2학년(2018~19년생),15,0,5,0,2026-09-07 10:00,2026-09-11 18:00,2026-09-12,2026.09.12(토) 13:30 ~ 15:00 (1회),https://phlib.pohang.go.kr/phlib/module/teach/detail.do?menu_idx=24&group_idx=92&teach_idx=3539,elem|weekend,Y,
phlib-3538,어린이영어도서관,어린이영어,(유아6-7) 독서의 달 프로그램,어린이영어도서관 다목적실,유아6~7세(2020~21년생),10,0,5,0,2026-09-07 10:00,2026-09-18 18:00,2026-09-19,2026.09.19(토) 14:00 ~ 15:00 (1회),https://phlib.pohang.go.kr/phlib/module/teach/detail.do?menu_idx=24&group_idx=92&teach_idx=3538,kid|weekend,Y,
phlib-3577,환여 해맞이꿈터작은도서관,환여 해맞이꿈터,조물조물 그림책 공예,환여 해맞이꿈터작은도서관,초등1~6학년,7,0,3,0,2026-09-11 10:00,2026-09-17 18:00,2026-09-19,2026.09.19(토) 16:00 ~ 18:00 (1회),https://phlib.pohang.go.kr/phlib/module/teach/detail.do?menu_idx=24&group_idx=98&teach_idx=3577,elem|weekend,Y,
phlib-3550,포은흥해도서관,포은흥해,[독서의 달] 북 퍼퓸 만들기,포은흥해도서관 2층 프로그램실3,일반,10,0,3,0,2026-09-11 10:00,2026-09-17 18:00,2026-09-20,2026.09.20(일) 10:00 / 13:00 / 15:00 중 택1 (2시간),https://phlib.pohang.go.kr/phlib/module/teach/detail.do?menu_idx=24&group_idx=140&teach_idx=3550,weekend,Y,
phlib-3581,대잠도서관,대잠,문학과 그림으로 건너는 오뒷세이아,대잠도서관 3층 세오녀방,성인,20,0,3,0,2026-09-09 10:00,2026-09-15 23:59,2026-09-18,2026.09.18(금) 10:00 ~ 12:00 (1회),https://phlib.pohang.go.kr/phlib/module/teach/detail.do?menu_idx=24&group_idx=68&teach_idx=3581,morning,Y,
phlib-3527,포은오천도서관,포은오천,작가와의 만남 — 진수경 작가 (부모 동반),포은오천도서관 2층 소리마루,초등1~6학년 및 학부모,60,35,0,0,2026-08-25 10:00,2026-09-10 17:00,2026-09-12,2026.09.12(토) 14:00 ~ 15:30 (1회),https://phlib.pohang.go.kr/phlib/module/teach/detail.do?menu_idx=24&group_idx=80&teach_idx=3527,elem|weekend,Y,
phlib-3561,포은중앙도서관,포은중앙,작가와의 만남 2 — 박정우 작가,포은중앙도서관 3층 배움1터,누구나,20,13,5,0,2026-08-27 10:00,2026-09-09 23:59,2026-09-12,2026.09.12(토) 13:00 ~ 14:00 (1회),https://phlib.pohang.go.kr/phlib/module/teach/detail.do?menu_idx=24&group_idx=136&teach_idx=3561,weekend,Y,
phlib-3576,솔개재작은도서관,솔개재,(추가모집) 그림책 속 문학여행,솔개재작은도서관,초등 1~3학년,3,0,2,0,2026-08-29 10:00,2026-09-12 15:00,2026-11-27,2026.09.04 ~ 11.27 매주 금 16:00 ~ 18:00,https://phlib.pohang.go.kr/phlib/module/teach/detail.do?menu_idx=24&group_idx=98&teach_idx=3576,elem,Y,
phlib-3541,동해석곡도서관,동해석곡,시간여행 독서여행사 (독서의 달),동해석곡도서관,초등1~6학년,10,8,5,0,2026-08-26 10:00,2026-09-05 17:00,2026-09-06,2026.09.06(일) 10:00 ~ 12:00 (1회),https://phlib.pohang.go.kr/phlib/module/teach/detail.do?menu_idx=24&group_idx=86&teach_idx=3541,elem|weekend,Y,
phlib-3578,동해석곡도서관,동해석곡,어린이 독서회 (하반기),동해석곡도서관 3층 다목적실,초등학생 1~6학년,13,9,3,0,2026-09-02 10:00,2026-09-12 17:00,2026-11-08,2026.09.13 ~ 11.08 매주 일 10:00 ~ 12:00,https://phlib.pohang.go.kr/phlib/module/teach/detail.do?menu_idx=24&group_idx=81&teach_idx=3578,elem|weekend,Y,
phlib-3480,어린이영어도서관,어린이영어,(초등2-4) Smart Reading 2.1,어린이영어도서관 다목적실,초등2~4학년(2016~18년생),14,11,5,0,2026-08-10 10:00,2026-09-06 18:00,2026-12-18,2026.08.28 ~ 12.18 매주 금 16:00 ~ 17:00,https://phlib.pohang.go.kr/phlib/module/teach/detail.do?menu_idx=24&group_idx=92&teach_idx=3480,elem,Y,
phlib-3481,어린이영어도서관,어린이영어,(초등2-4) Story와 함께하는 영어 1,어린이영어도서관 다목적실,초등2~4학년(2016~18년생),14,12,5,0,2026-08-10 10:00,2026-09-06 18:00,2026-12-17,2026.08.27 ~ 12.17 매주 목 16:05 ~ 16:55,https://phlib.pohang.go.kr/phlib/module/teach/detail.do?menu_idx=24&group_idx=92&teach_idx=3481,elem,Y,
phlib-3575,연일 미르작은도서관,연일 미르,옛이야기에서 얻는 삶의 지혜 (그림책 독서회),연일 미르작은도서관,성인,8,4,4,0,2026-08-27 10:00,2026-09-16 18:00,2026-12-18,2026.09.18 ~ 12.18 매주 금 10:00 ~ 12:00,https://phlib.pohang.go.kr/phlib/module/teach/detail.do?menu_idx=24&group_idx=98&teach_idx=3575,morning,Y,
phlib-3516,효곡 그린숲 작은도서관,효곡 그린숲,문해력을 높이는 초등한자,효곡 그린숲 작은도서관,초등1~3학년,6,6,3,2,2026-08-11 10:00,2026-09-11 14:00,2026-09-12,2026.09.12(토) 10:30 ~ 11:40 (1회),https://phlib.pohang.go.kr/phlib/module/teach/detail.do?menu_idx=24&group_idx=98&teach_idx=3516,elem|weekend,Y,
phlib-3573,연일 미르작은도서관,연일 미르,꽃을 만나다 — 원데이 플라워 클래스,연일 미르작은도서관,성인,7,7,4,0,2026-08-27 10:00,2026-09-09 18:00,2026-09-11,2026.09.11(금) 10:00 ~ 12:00 (1회),https://phlib.pohang.go.kr/phlib/module/teach/detail.do?menu_idx=24&group_idx=98&teach_idx=3573,morning,Y,
gbelib-yi-16256,경상북도교육청 영일도서관,영일,사이언스 매직쇼,영일도서관 제2평생학습실 (흥해읍),초등학생,60,0,7,0,2026-09-08 10:30,2026-09-17 23:59,2026-09-19,2026.09.19(토) 14:00 ~ 15:00 (1회),https://www.gbelib.kr/yi/module/teach/detail.do?menu_idx=209&group_idx=2&teach_idx=16256,elem|weekend,Y,
gbelib-yi-16253,경상북도교육청 영일도서관,영일,석고방향제 만들기 (A반),영일도서관 제2평생학습실 (흥해읍),초등 1~3학년,20,0,5,0,2026-09-08 10:30,2026-09-10 23:59,2026-09-13,2026.09.13(일) 14:00 ~ 15:00 (1회),https://www.gbelib.kr/yi/module/teach/detail.do?menu_idx=209&group_idx=2&teach_idx=16253,elem|weekend,Y,
gbelib-yi-16254,경상북도교육청 영일도서관,영일,석고방향제 만들기 (B반),영일도서관 제2평생학습실 (흥해읍),초등 4~6학년,20,0,5,0,2026-09-08 10:30,2026-09-11 23:59,2026-09-13,2026.09.13(일) 15:20 ~ 16:20 (1회),https://www.gbelib.kr/yi/module/teach/detail.do?menu_idx=209&group_idx=2&teach_idx=16254,elem|weekend,Y,
gbelib-yi-16255,경상북도교육청 영일도서관,영일,꿈으로 인문학 — 카카오프렌즈 제작 스토리,영일도서관 제2평생학습실 (흥해읍),초등 4~6학년,30,20,7,0,2026-09-01 10:30,2026-09-10 23:59,2026-09-12,2026.09.12(토) 14:00 ~ 16:00 (1회),https://www.gbelib.kr/yi/module/teach/detail.do?menu_idx=209&group_idx=2&teach_idx=16255,elem|weekend,Y,
gbelib-yi-16351,경상북도교육청 영일도서관,영일,미래교육 학부모 아카데미 4강,영일도서관 제2평생학습실 (흥해읍),학부모 및 지역민,20,19,5,0,2026-09-01 10:00,2026-10-12 18:00,2026-10-14,2026.10.14(수) 10:00 ~ 12:00 (1회),https://www.gbelib.kr/yi/module/teach/detail.do?menu_idx=209&group_idx=3&teach_idx=16351,morning,Y,
gbelib-yi-16350,경상북도교육청 영일도서관,영일,미래교육 학부모 아카데미 5강,영일도서관 제2평생학습실 (흥해읍),학부모 및 지역민,20,19,5,0,2026-09-01 10:00,2026-10-19 18:00,2026-10-21,2026.10.21(수) 10:00 ~ 12:00 (1회),https://www.gbelib.kr/yi/module/teach/detail.do?menu_idx=209&group_idx=3&teach_idx=16350,morning,Y,
gsei-astro-4,경상북도교육청과학원,과학원,가족천체관측교실 4회,경상북도교육청과학원 (북구 우미길 93),가족 (2~5인),6,0,2,0,2026-09-09 09:00,2026-09-14 23:59,2026-09-16,2026.09.16(수) 19:00 ~ 21:30 (1회),https://www.gbe.kr/gsei/eq/view/selectEqList.do?mi=10867,kid|elem,Y,
gsei-astro-5,경상북도교육청과학원,과학원,가족천체관측교실 5회,경상북도교육청과학원 (북구 우미길 93),가족 (2~5인),6,0,2,0,2026-09-23 09:00,2026-09-28 23:59,2026-09-30,2026.09.30(수) 19:00 ~ 21:30 (1회),https://www.gbe.kr/gsei/eq/view/selectEqList.do?mi=10867,kid|elem,Y,
gsei-astro-6,경상북도교육청과학원,과학원,가족천체관측교실 6회,경상북도교육청과학원 (북구 우미길 93),가족 (2~5인),6,0,2,0,2026-10-14 09:00,2026-10-19 23:59,2026-10-21,2026.10.21(수) 19:00 ~ 21:30 (1회),https://www.gbe.kr/gsei/eq/view/selectEqList.do?mi=10867,kid|elem,Y,
gsei-astro-7,경상북도교육청과학원,과학원,가족천체관측교실 7회,경상북도교육청과학원 (북구 우미길 93),가족 (2~5인),6,0,2,0,2026-11-04 09:00,2026-11-09 23:59,2026-11-11,2026.11.11(수) 19:00 ~ 21:30 (1회),https://www.gbe.kr/gsei/eq/view/selectEqList.do?mi=10867,kid|elem,Y,
gsei-astro-8,경상북도교육청과학원,과학원,가족천체관측교실 8회,경상북도교육청과학원 (북구 우미길 93),가족 (2~5인),6,0,2,0,2026-11-18 09:00,2026-11-23 23:59,2026-11-25,2026.11.25(수) 19:00 ~ 21:30 (1회),https://www.gbe.kr/gsei/eq/view/selectEqList.do?mi=10867,kid|elem,Y,
phcf-achim,동빈문화창고1969,동빈창고,2026 지역전시 <아침놀>,동빈문화창고1969 (북구 삼호로),누구나,,,0,0,,,2026-09-30,2026.08.21 ~ 09.30 10:00~18:00 · 월요일·추석 당일 휴관,https://phcf.or.kr/phcf/performance_detail/view.do?eventId=EVT_20260821_001&menu_site_id=performance_detail,outing|weekend,Y,
phcf-kkum,SPACE 298 꿈틀로,SPACE 298,꿈틀로 기획전시 <꿈의 항로>,SPACE 298 (중앙동 꿈틀로),누구나,,,0,0,,,2026-09-26,2026.07.28 ~ 09.26 10:00~18:00 · 일·월요일 및 공휴일 휴관,https://phcf.or.kr/phcf/performance_detail/view.do?eventId=EVT_20260728_001&menu_site_id=performance_detail,outing|weekend,Y,
